groan	v	신음하다, 투덜대다	to make a long low sound of pain or complaint	He groaned when he saw the bill.	그는 청구서를 보고 끙 하고 신음했다.
militant	adj	호전적인, 과격한	using strong or violent methods	A militant group claimed responsibility.	한 과격 단체가 자신들의 소행이라고 주장했다.
dwell	v	살다; 곱씹다 (dwell on)	to live; to keep thinking about	Don't dwell on your mistakes.	실수를 계속 곱씹지 마라.
torch	n	횃불; 손전등 (영국)	a burning stick; a flashlight	The Olympic torch was carried through the city.	올림픽 성화가 도시를 지나갔다.
lurk	v	숨어 있다, 잠복하다	to wait hidden	Danger lurks around every corner.	위험은 곳곳에 도사리고 있다.
huddle	v	옹기종기 모이다	to crowd together	We huddled around the fire.	우리는 불 주위에 옹기종기 모였다.
constellation	n	별자리	a group of stars	Orion is an easy constellation to find.	오리온은 찾기 쉬운 별자리다.
maneuver	n	(교묘한) 조작, 작전	a skillful movement or plan	Parking here requires some careful maneuvers.	여기 주차하려면 조심스럽게 조작해야 한다.
probation	n	집행 유예; 수습 기간	a period of testing or supervision	New employees are on probation for three months.	신입 사원은 3개월간 수습 기간을 거친다.
smack	v	찰싹 때리다	to hit with an open hand	She smacked the mosquito on her arm.	그녀는 팔에 앉은 모기를 찰싹 때렸다.
sewage	n	하수, 오물	waste water from toilets and drains	Raw sewage was flowing into the river.	정화되지 않은 하수가 강으로 흘러들고 있었다.
masculine	adj	남성적인	having qualities of men	He has a deep masculine voice.	그는 굵고 남성적인 목소리를 가졌다.
crumb	n	부스러기	a tiny piece of bread or cake	There were crumbs all over the table.	식탁에 부스러기가 잔뜩 있었다.
provocative	adj	도발적인	intended to cause a reaction	He made a provocative comment.	그는 도발적인 발언을 했다.
batter	v	두드리다, 강타하다	to hit hard and repeatedly	Strong winds battered the coast.	강풍이 해안을 강타했다.
dart	v	쏜살같이 움직이다	to move suddenly and quickly	A cat darted across the road.	고양이가 길을 쏜살같이 가로질렀다.
allegiance	n	충성	loyalty to a person or country	They pledged allegiance to the flag.	그들은 국기에 충성을 맹세했다.
felony	n	중범죄	a serious crime	He was convicted of a felony.	그는 중범죄로 유죄 판결을 받았다.
subsidize	v	보조금을 지급하다	to pay part of the cost	The government subsidizes public transport.	정부는 대중교통에 보조금을 지급한다.
fingertip	n	손가락 끝	the end of a finger	All the information is at your fingertips.	모든 정보를 손쉽게 얻을 수 있다.
intricate	adj	복잡한, 정교한	having many small parts	The carpet has an intricate pattern.	그 카펫에는 정교한 무늬가 있다.
pastoral	adj	목가적인; 목회의	relating to the countryside; relating to a priest's work	The painting shows a pastoral scene.	그 그림은 목가적인 풍경을 보여 준다.
orchard	n	과수원	a field of fruit trees	We picked apples in the orchard.	우리는 과수원에서 사과를 땄다.
mural	n	벽화	a painting on a wall	The school has a colorful mural.	그 학교에는 화려한 벽화가 있다.
chord	n	화음, 코드	a group of notes played together	He played a few chords on the guitar.	그는 기타로 몇 개의 코드를 쳤다.
frenzy	n	광란, 열광	a state of wild excitement	The news created a media frenzy.	그 소식으로 언론이 광란에 빠졌다.
veto	v	거부권을 행사하다	to officially reject a decision	The president vetoed the bill.	대통령이 그 법안에 거부권을 행사했다.
shack	n	판잣집	a small badly built house	They lived in a shack by the river.	그들은 강가의 판잣집에 살았다.
eventual	adj	최종적인, 궁극적인	happening at the end	The eventual winner was a newcomer.	최종 우승자는 신인이었다.
insurgent	n	반란군, 폭도	a person fighting against a government	Insurgents attacked the base.	반군이 기지를 공격했다.
bleak	adj	암울한; 황량한	without hope; cold and empty	The future looks bleak.	앞날이 암울해 보인다.
veil	n	베일, 장막	a thin cloth covering the face	The bride wore a white veil.	신부는 흰 베일을 썼다.
insistence	n	고집, 주장	firmly demanding something	At her insistence, we stayed for dinner.	그녀가 고집해서 우리는 저녁까지 먹고 갔다.
crusade	n	운동, 개혁 운동	a long effort to achieve something good	He led a crusade against drunk driving.	그는 음주 운전 근절 운동을 이끌었다.
deposition	n	(법정 밖) 증언 녹취; 퇴적	a sworn statement; the laying down of material	The witness gave a deposition.	증인이 선서 증언을 했다.
torso	n	몸통	the body without the head and limbs	He had a tattoo on his torso.	그는 몸통에 문신이 있었다.
reconstruct	v	재건하다, 재구성하다	to build again; to recreate events	Police tried to reconstruct the accident.	경찰이 사고 상황을 재구성하려 했다.
hurl	v	세게 던지다	to throw violently	Protesters hurled stones at the police.	시위대가 경찰에게 돌을 던졌다.
furnish	v	가구를 비치하다; 제공하다	to put furniture in; to provide	The apartment is fully furnished.	그 아파트는 가구가 모두 갖춰져 있다.
friction	n	마찰; 불화	rubbing; disagreement	There is friction between the two departments.	두 부서 사이에 마찰이 있다.
kin	n	친족, 친척	family members	Next of kin must be informed.	가장 가까운 친족에게 알려야 한다.
forensic	adj	법의학의, 과학 수사의	relating to scientific crime investigation	Forensic experts examined the scene.	과학 수사 전문가들이 현장을 조사했다.
foliage	n	나뭇잎, 잎	the leaves of plants	The autumn foliage is beautiful here.	이곳의 가을 단풍은 아름답다.
unleash	v	풀어놓다, 촉발하다	to release a strong force	The decision unleashed a wave of protests.	그 결정은 시위의 물결을 촉발했다.
domination	n	지배, 우세	power or control over others	The company has achieved market domination.	그 회사는 시장을 장악했다.
tick	v	째깍거리다; 체크 표시하다	to make a clicking sound; to mark with ✓	Tick the box if you agree.	동의하시면 칸에 체크하세요.
hatch	v	부화하다; (계획을) 꾸미다	to break out of an egg; to plan secretly	The chicks hatched this morning.	오늘 아침 병아리가 부화했다.
mediate	v	중재하다	to help two sides reach agreement	A lawyer mediated the dispute.	변호사가 분쟁을 중재했다.
raft	n	뗏목; 다수	a flat floating platform; a large number	There is a raft of new regulations.	새로운 규제가 잔뜩 생겼다.
cram	v	밀어 넣다; 벼락치기 공부하다	to force into a small space; to study hard quickly	I crammed for the exam all night.	나는 밤새 시험 벼락치기를 했다.
spike	n	급등; 뾰족한 것	a sudden increase; a sharp point	There was a spike in oil prices.	유가가 급등했다.
palette	n	팔레트; 색조	a board for mixing paint; a range of colors	The designer used a soft color palette.	디자이너는 부드러운 색조를 사용했다.
lament	v	애도하다, 한탄하다	to express sadness or regret	He lamented the loss of his youth.	그는 젊음을 잃은 것을 한탄했다.
ignite	v	불붙이다; 촉발하다	to start a fire; to cause a strong feeling	The spark ignited the gas.	불꽃이 가스에 불을 붙였다.
revolve	v	회전하다; 중심으로 돌아가다	to move in a circle; to center on	Her life revolves around her children.	그녀의 삶은 아이들을 중심으로 돌아간다.
arsenal	n	무기고; 보유 무기	a store of weapons; a collection of resources	The country has a large nuclear arsenal.	그 나라는 많은 핵무기를 보유하고 있다.
contaminate	v	오염시키다	to make dirty or poisonous	The water was contaminated with chemicals.	물이 화학 물질로 오염되었다.
inhibit	v	억제하다, 방해하다	to slow down or prevent	Fear can inhibit learning.	두려움은 학습을 방해할 수 있다.
alumnus	n	졸업생, 동문	a former student of a school	He is an alumnus of Seoul National University.	그는 서울대 동문이다.
plight	n	곤경, 역경	a difficult situation	The film shows the plight of refugees.	그 영화는 난민들의 곤경을 보여 준다.
vibration	n	진동	a continuous shaking movement	I felt a vibration in my pocket.	주머니에서 진동이 느껴졌다.
disperse	v	흩어지다, 해산시키다	to spread out in different directions	Police dispersed the crowd.	경찰이 군중을 해산시켰다.
sober	adj	술 취하지 않은; 진지한	not drunk; serious	He has been sober for five years.	그는 5년째 술을 끊었다.
peek	v	살짝 엿보다	to look quickly and secretly	No peeking at the answers!	답을 몰래 보면 안 돼!
contradictory	adj	모순되는	opposite and inconsistent	We received contradictory information.	우리는 서로 모순된 정보를 받았다.
flatten	v	평평하게 하다; 납작하게 만들다	to make flat	The storm flattened many houses.	폭풍으로 많은 집이 무너져 내렸다.
impair	v	손상시키다, 약화시키다	to damage or weaken	Alcohol impairs your judgment.	술은 판단력을 떨어뜨린다.
frantic	adj	제정신이 아닌, 미친 듯한	wild with fear or worry; very hurried	She made a frantic search for her keys.	그녀는 열쇠를 미친 듯이 찾았다.
charcoal	n	숯	black material made from burnt wood	We grilled meat over charcoal.	우리는 숯불에 고기를 구웠다.
intrinsic	adj	본질적인, 고유한	belonging naturally	Art has intrinsic value.	예술에는 본질적인 가치가 있다.
reclaim	v	되찾다; 개간하다	to get back; to make land usable	He reclaimed his title as champion.	그는 챔피언 타이틀을 되찾았다.
sewer	n	하수도	an underground pipe for waste water	The city's sewers overflowed in the storm.	폭우로 도시의 하수도가 넘쳤다.
cautiously	adv	조심스럽게	carefully	She cautiously opened the door.	그녀는 조심스럽게 문을 열었다.
fertile	adj	비옥한; 생식력 있는	able to produce good crops; able to have babies	The valley has fertile soil.	그 계곡의 땅은 비옥하다.
wield	v	(권력을) 휘두르다; 행사하다	to hold and use power or a weapon	He wields great influence in the party.	그는 당내에서 큰 영향력을 행사한다.
slab	n	(두꺼운) 판, 조각	a thick flat piece	The floor is made of stone slabs.	바닥은 석판으로 되어 있다.
prose	n	산문	ordinary written language, not poetry	She writes beautiful prose.	그녀는 아름다운 산문을 쓴다.
rancher	n	목장주	a person who owns a large farm with animals	The rancher raises cattle.	그 목장주는 소를 기른다.
mumble	v	웅얼거리다	to speak unclearly	Stop mumbling and speak up!	웅얼거리지 말고 크게 말해!
capsule	n	캡슐	a small container for medicine or space travel	Take one capsule twice a day.	하루 두 번 한 캡슐씩 드세요.
lever	n	지레, 레버	a bar used to move something	Pull the lever to open the door.	문을 열려면 레버를 당기세요.
upright	adj	똑바로 선; 정직한	standing straight; honest	Please keep your seat in the upright position.	좌석을 똑바로 세워 주세요.
abolish	v	폐지하다	to officially end a law or system	Slavery was abolished in 1865.	노예제는 1865년에 폐지되었다.
liberate	v	해방시키다	to set free	The city was liberated by the army.	그 도시는 군대에 의해 해방되었다.
feminism	n	페미니즘, 여권 신장 운동	the belief in equal rights for women	She wrote a book about feminism.	그녀는 페미니즘에 관한 책을 썼다.
anonymity	n	익명성	being unknown by name	The source requested anonymity.	제보자는 익명을 요청했다.
autonomous	adj	자율적인, 자치의	independent	Autonomous cars may change transportation.	자율 주행차는 교통을 바꿀 수도 있다.
liner	n	정기선; 안감	a large passenger ship; a lining	They traveled on an ocean liner.	그들은 대형 여객선을 타고 여행했다.
topple	v	넘어지다; 무너뜨리다	to fall over; to remove from power	The government was toppled by a revolt.	정부는 반란으로 무너졌다.
morale	n	사기, 의욕	the confidence of a group	Team morale is very low.	팀 사기가 매우 낮다.
diversion	n	우회로; 기분 전환; 전용	a detour; an amusement; using for another purpose	Reading is my favorite diversion.	독서는 내가 가장 좋아하는 기분 전환 거리다.
almond	n	아몬드	a type of nut	I like almond milk in my coffee.	나는 커피에 아몬드 우유를 넣는 걸 좋아한다.
distortion	n	왜곡, 일그러짐	a change that makes something false or unclear	The article contains a distortion of the facts.	그 기사는 사실을 왜곡하고 있다.
validate	v	입증하다; 승인하다	to prove true; to make official	The results validate our theory.	그 결과는 우리 이론을 입증한다.
dime	n	10센트 동전	a U.S. coin worth ten cents	It's not worth a dime.	그건 한 푼의 가치도 없다.
pragmatic	adj	실용적인	dealing with things sensibly	We need a pragmatic solution.	우리에게는 실용적인 해결책이 필요하다.
graze	v	풀을 뜯다; 살짝 스치다	to eat grass; to touch lightly	Sheep were grazing on the hill.	양들이 언덕에서 풀을 뜯고 있었다.
alleviate	v	완화하다	to make less severe	The medicine alleviated the pain.	그 약이 통증을 완화했다.
protagonist	n	주인공	the main character	The protagonist of the novel is a young doctor.	그 소설의 주인공은 젊은 의사다.
mock	v	조롱하다	to laugh at unkindly	They mocked his accent.	그들은 그의 억양을 조롱했다.
escalate	v	확대되다, 고조되다	to become more serious	The argument quickly escalated into a fight.	말다툼이 순식간에 싸움으로 번졌다.
scrub	v	문질러 씻다	to rub hard to clean	She scrubbed the floor.	그녀는 바닥을 박박 문질러 닦았다.
foe	n	적	an enemy	He was a fierce foe of the government.	그는 정부의 강력한 적이었다.
rubble	n	돌무더기, 잔해	broken stone from a destroyed building	People searched the rubble for survivors.	사람들이 잔해 속에서 생존자를 찾았다.
bathe	v	목욕하다, 씻기다	to wash in water	She bathes the baby every evening.	그녀는 매일 저녁 아기를 목욕시킨다.
resemblance	n	닮음, 유사함	similarity	There's a strong resemblance between the sisters.	그 자매는 많이 닮았다.
avert	v	피하다, 막다	to prevent; to turn away	They narrowly averted a disaster.	그들은 가까스로 재앙을 막았다.
cavity	n	충치; 구멍	a hole in a tooth; an empty space	The dentist found two cavities.	치과 의사가 충치 두 개를 발견했다.
detain	v	구금하다; 붙들다	to keep in custody; to delay	He was detained by the police.	그는 경찰에 구금되었다.
crave	v	갈망하다	to want very much	I'm craving chocolate.	초콜릿이 너무 먹고 싶다.
novice	n	초보자	a beginner	This course is for novices.	이 강좌는 초보자를 위한 것이다.
progression	n	진행, 진전	gradual change or development	The disease's progression was slow.	그 병의 진행은 느렸다.
nude	adj	나체의	not wearing clothes	The museum has several nude statues.	그 박물관에는 나체 조각상이 여러 점 있다.
residue	n	잔여물, 찌꺼기	a small amount left over	There was a sticky residue on the glass.	유리에 끈적한 잔여물이 있었다.
agony	n	극심한 고통	extreme pain	He was in agony after the fall.	그는 넘어진 뒤 극심한 고통에 시달렸다.
runoff	n	유출수; 결선 투표	water flowing off land; a final deciding vote	Farm runoff pollutes the river.	농장에서 흘러나온 물이 강을 오염시킨다.
accustom	v	익숙하게 하다 (be accustomed to)	to make used to	I'm not accustomed to the cold weather.	나는 추운 날씨에 익숙하지 않다.
empathy	n	공감, 감정 이입	the ability to share another's feelings	Good doctors show empathy for patients.	좋은 의사는 환자에게 공감한다.
deteriorate	v	악화되다	to become worse	His health deteriorated quickly.	그의 건강이 급속히 악화되었다.
collide	v	충돌하다	to crash into	Two cars collided at the intersection.	교차로에서 차 두 대가 충돌했다.
reap	v	거두다, 수확하다	to gather a crop; to get a result	She is reaping the rewards of her hard work.	그녀는 노력의 결실을 거두고 있다.
feasible	adj	실현 가능한	possible to do	Is it feasible to finish by Friday?	금요일까지 끝내는 게 가능한가요?
dubious	adj	의심스러운, 수상한	doubtful; not trustworthy	He made his money in dubious ways.	그는 수상한 방법으로 돈을 벌었다.
facade	n	(건물) 정면; 겉모습	the front of a building; a false appearance	Behind the happy facade, she was sad.	행복해 보이는 겉모습 뒤에서 그녀는 슬펐다.
bypass	v	우회하다, 건너뛰다	to go around; to avoid	We bypassed the city center to save time.	시간을 아끼려고 도심을 우회했다.
underlie	v	~의 기저를 이루다	to be the real cause or basis of	Many factors underlie the problem.	많은 요인이 그 문제의 근저에 있다.
playwright	n	극작가	a person who writes plays	Shakespeare is the most famous playwright.	셰익스피어는 가장 유명한 극작가다.
vent	v	(감정을) 표출하다	to express strong feelings	He vented his anger on his family.	그는 가족에게 화풀이를 했다.
foresee	v	예견하다	to know in advance	No one could foresee the crisis.	아무도 그 위기를 예견하지 못했다.
peril	n	위험	serious danger	The sailors were in great peril.	선원들은 큰 위험에 처했다.
bruise	n	멍	a dark mark on the skin from an injury	He had a bruise on his arm.	그의 팔에 멍이 들어 있었다.
wade	v	(물속을) 헤치며 걷다	to walk through water	We waded across the stream.	우리는 개울을 걸어서 건넜다.
reign	n	통치 기간, 재위	the period a king or queen rules	The country prospered during her reign.	그녀의 재위 기간에 나라가 번영했다.
patriotic	adj	애국적인	loving one's country	They sang patriotic songs.	그들은 애국적인 노래를 불렀다.
procession	n	행렬	a line of people moving forward	A funeral procession passed by.	장례 행렬이 지나갔다.
perpetuate	v	영속시키다	to make something continue	Movies can perpetuate stereotypes.	영화는 고정 관념을 지속시킬 수 있다.
moan	v	신음하다; 불평하다	to make a low sound of pain; to complain	He's always moaning about his job.	그는 늘 자기 일에 대해 불평한다.
conquest	n	정복	taking control by force	The Roman conquest of Britain began in 43 AD.	로마의 브리튼 정복은 서기 43년에 시작되었다.
expectancy	n	기대; (기대) 수명	the state of expecting; expected length	Life expectancy has increased.	기대 수명이 늘었다.
inheritance	n	상속 재산, 유산	money or property received after a death	She received a large inheritance.	그녀는 많은 유산을 상속받았다.
infamous	adj	악명 높은	well known for something bad	The prison is infamous for its cruelty.	그 교도소는 잔혹함으로 악명 높다.
brink	n	직전, 벼랑 끝	the edge of something bad	The two countries were on the brink of war.	두 나라는 전쟁 직전이었다.
cellar	n	지하 저장고	an underground room for storage	They keep wine in the cellar.	그들은 와인을 지하 저장고에 보관한다.
recede	v	물러나다, 약해지다	to move back; to become less	The floodwaters slowly receded.	홍수로 불어난 물이 천천히 빠졌다.
abound	v	풍부하다, 많이 있다	to exist in large numbers	Rumors abound about his private life.	그의 사생활에 관한 소문이 무성하다.
plummet	v	곤두박질치다	to fall very quickly	Sales plummeted last quarter.	지난 분기 매출이 곤두박질쳤다.
lust	n	욕망, 정욕	strong desire	He had a lust for power.	그는 권력욕이 강했다.
culminate	v	절정에 이르다	to reach the highest point or end	The festival culminates in a fireworks show.	축제는 불꽃놀이로 절정을 이룬다.
maze	n	미로	a confusing network of paths	The old town is a maze of narrow streets.	구시가지는 좁은 골목이 미로처럼 얽혀 있다.
implicate	v	연루시키다	to show someone is involved in a crime	He was implicated in the scandal.	그는 그 스캔들에 연루되었다.
ordeal	n	시련, 고난	a very difficult experience	Being lost at sea was a terrible ordeal.	바다에서 표류한 것은 끔찍한 시련이었다.
adore	v	아주 좋아하다	to love very much	She adores her grandchildren.	그녀는 손주들을 끔찍이 아낀다.
literal	adj	문자 그대로의	exact; basic meaning of words	Don't take his words too literally.	그의 말을 너무 곧이곧대로 받아들이지 마.
discern	v	분별하다, 알아차리다	to notice or recognize	It's hard to discern the truth.	진실을 분간하기 어렵다.
solicit	v	요청하다, 간청하다	to ask for	The company solicited feedback from customers.	회사는 고객의 의견을 요청했다.
nasal	adj	코의; 콧소리의	relating to the nose	I use a nasal spray for my allergies.	나는 알레르기 때문에 코 스프레이를 쓴다.
tentative	adj	잠정적인; 머뭇거리는	not certain; hesitant	We made a tentative plan for Saturday.	우리는 토요일 계획을 잠정적으로 세웠다.
stagger	v	비틀거리다; 깜짝 놀라게 하다	to walk unsteadily; to shock	He staggered home after the party.	그는 파티 후 비틀거리며 집에 갔다.
nudge	v	슬쩍 찌르다; 살살 유도하다	to push gently	She nudged me to wake me up.	그녀가 나를 깨우려고 살짝 찔렀다.
conjure	v	(마술로) 불러내다; 떠올리게 하다	to make appear by magic; to bring to mind	The smell conjures up memories of home.	그 냄새는 고향의 기억을 떠올리게 한다.
trajectory	n	궤도, 궤적	the path of a moving object	The rocket's trajectory was perfect.	로켓의 궤도는 완벽했다.
ornament	n	장식품	a decorative object	We hung ornaments on the Christmas tree.	우리는 크리스마스트리에 장식을 달았다.
constrain	v	제약하다	to limit	Our choices were constrained by money.	우리의 선택은 돈 때문에 제약을 받았다.
pinch	v	꼬집다	to squeeze skin between fingers	She pinched herself to make sure it was real.	그녀는 꿈이 아닌지 확인하려고 자기 볼을 꼬집었다.
orderly	adj	질서 정연한	neat and organized	The students left in an orderly manner.	학생들은 질서 정연하게 나갔다.
intentionally	adv	고의로, 의도적으로	on purpose	He intentionally ignored my message.	그는 일부러 내 메시지를 무시했다.
recess	n	휴회; 쉬는 시간	a break from work or school	The children play outside during recess.	아이들은 쉬는 시간에 밖에서 논다.
flake	n	얇은 조각	a small thin piece	Flakes of paint fell from the wall.	벽에서 페인트 조각이 떨어졌다.
culinary	adj	요리의	relating to cooking	She studied culinary arts in Paris.	그녀는 파리에서 요리를 공부했다.
saga	n	긴 이야기, 대하소설	a long story of events	The saga of the family lasted three generations.	그 가족의 이야기는 3대에 걸쳐 이어졌다.
degradation	n	저하, 악화; 비하	the process of becoming worse	Environmental degradation is a global issue.	환경 파괴는 세계적인 문제다.
superiority	n	우월성, 우위	being better than others	The team showed its superiority from the start.	그 팀은 처음부터 우위를 보였다.
exemplify	v	~의 좋은 예가 되다	to be a typical example of	His work exemplifies modern design.	그의 작품은 현대 디자인의 좋은 예다.
pedal	n	페달	a part pushed with the foot	Press the brake pedal slowly.	브레이크 페달을 천천히 밟으세요.
hiss	v	쉿 소리를 내다	to make a long "s" sound	The snake hissed at us.	뱀이 우리를 향해 쉿 소리를 냈다.
autopsy	n	부검	an examination of a dead body	An autopsy was performed to find the cause of death.	사인을 밝히기 위해 부검이 실시되었다.
repertoire	n	레퍼토리, 상연 목록	all the works a performer can do	The pianist has a wide repertoire.	그 피아니스트는 레퍼토리가 다양하다.
scrutinize	v	면밀히 조사하다	to examine carefully	The editor scrutinized every sentence.	편집자는 문장 하나하나를 꼼꼼히 살폈다.
shuffle	v	발을 끌며 걷다; 뒤섞다	to walk without lifting feet; to mix cards	He shuffled the cards.	그는 카드를 섞었다.
psyche	n	정신, 마음	the human mind or soul	The war left a mark on the national psyche.	그 전쟁은 국민 정신에 상처를 남겼다.
residual	adj	남은, 잔여의	remaining	There may be some residual pain.	약간의 통증이 남을 수 있다.
loft	n	다락; 로프트	a space under a roof; an open apartment	They live in a loft in the city.	그들은 도심의 로프트에 산다.
crate	n	나무 상자	a large wooden or plastic box	The fruit was packed in crates.	과일이 상자에 포장되었다.
layoff	n	정리 해고	the ending of jobs by an employer	The company announced 500 layoffs.	회사는 500명 정리 해고를 발표했다.
lizard	n	도마뱀	a small reptile with four legs	A lizard ran across the wall.	도마뱀 한 마리가 벽을 가로질러 달려갔다.
compassionate	adj	동정심 많은	showing sympathy	She is a compassionate nurse.	그녀는 마음이 따뜻한 간호사다.
convene	v	소집하다, 모이다	to call together for a meeting	The committee will convene next week.	위원회가 다음 주에 소집된다.
aspire	v	열망하다	to hope to achieve	She aspires to be a writer.	그녀는 작가가 되기를 꿈꾼다.
pier	n	부두	a platform extending into the sea	We walked along the pier.	우리는 부두를 따라 걸었다.
bluff	v	허세를 부리다	to pretend to be stronger or know more	He's bluffing; he doesn't have the money.	그는 허세 부리는 거야, 그 돈 없어.
slick	adj	매끄러운; 교묘한	smooth; clever but not sincere	The ad campaign was very slick.	그 광고 캠페인은 아주 세련됐다.
knob	n	손잡이	a round handle	Turn the knob to open the door.	손잡이를 돌려 문을 여세요.
squat	v	쪼그리고 앉다	to sit on your heels	He squatted down to tie his shoe.	그는 신발 끈을 묶으려고 쪼그려 앉았다.
fumble	v	더듬다; (공을) 놓치다	to handle clumsily	She fumbled for her keys in the dark.	그녀는 어둠 속에서 열쇠를 더듬어 찾았다.
sediment	n	침전물, 퇴적물	material that settles at the bottom	The river carries sediment to the sea.	강은 퇴적물을 바다로 실어 나른다.
recollection	n	기억, 회상	a memory	I have no recollection of meeting him.	그를 만난 기억이 전혀 없다.
akin	adj	유사한	similar	The feeling was akin to fear.	그 감정은 두려움과 비슷했다.
succumb	v	굴복하다; (병으로) 죽다	to give in; to die from	He finally succumbed to temptation.	그는 결국 유혹에 굴복했다.
simulate	v	모의 실험하다, 흉내 내다	to imitate conditions	The software simulates real driving.	그 소프트웨어는 실제 운전을 재현한다.
stature	n	키; 명성, 위상	height; reputation	He is a man of great stature in science.	그는 과학계에서 위상이 높은 인물이다.
intrigue	v	흥미를 불러일으키다	to make curious	The idea intrigued me.	그 아이디어가 흥미로웠다.
grenade	n	수류탄	a small bomb thrown by hand	A grenade exploded near the building.	건물 근처에서 수류탄이 터졌다.
shudder	v	몸서리치다	to shake with fear or disgust	I shudder to think what could have happened.	무슨 일이 일어났을지 생각만 해도 몸서리가 쳐진다.
wink	v	윙크하다	to close one eye briefly	He winked at me across the room.	그가 방 건너편에서 나에게 윙크했다.
stellar	adj	뛰어난; 별의	excellent; relating to stars	She gave a stellar performance.	그녀는 뛰어난 연기를 보여 주었다.
coarse	adj	거친; 상스러운	rough; rude	The fabric feels coarse.	그 천은 감촉이 거칠다.
incumbent	n	현직자	a person currently holding an office	The incumbent won re-election.	현직자가 재선에 성공했다.
regimen	n	식이 요법, 처방 계획	a planned course of diet or exercise	He follows a strict exercise regimen.	그는 엄격한 운동 계획을 따른다.
whine	v	징징대다; 낑낑거리다	to complain in a high voice	Stop whining and do your homework.	징징대지 말고 숙제해.
fetus	n	태아	an unborn baby	The doctor checked the fetus's heartbeat.	의사가 태아의 심장 박동을 확인했다.
extremist	n	극단주의자	a person with extreme views	The attack was carried out by extremists.	그 공격은 극단주의자들이 저질렀다.
contour	n	윤곽; 등고선	the outline of a shape	The map shows the contours of the hills.	그 지도는 언덕의 등고선을 보여 준다.
grease	n	기름, 그리스	thick oily substance	His hands were covered in grease.	그의 손은 기름투성이였다.
pathetic	adj	한심한; 불쌍한	very bad; causing pity	That was a pathetic excuse.	그건 한심한 변명이었다.
confide	v	(비밀을) 털어놓다	to tell a secret to someone you trust	She confided in her best friend.	그녀는 가장 친한 친구에게 비밀을 털어놓았다.
resonance	n	공명; 울림, 반향	a deep sound; a special meaning	His words had a special resonance for me.	그의 말은 내게 특별한 울림이 있었다.
conserve	v	보존하다, 아끼다	to protect; to use carefully	We should conserve water.	물을 아껴 써야 한다.
portrayal	n	묘사, 연기	the way someone is shown	Her portrayal of the queen won awards.	그녀의 여왕 연기는 여러 상을 받았다.
capitalize	v	활용하다 (capitalize on); 대문자로 쓰다	to take advantage of; to write in capital letters	We should capitalize on this opportunity.	우리는 이 기회를 잘 활용해야 한다.
sift	v	체로 거르다; 면밀히 조사하다	to pass through a sieve; to examine carefully	Investigators sifted through the evidence.	수사관들은 증거를 면밀히 살폈다.
bail	n	보석금	money paid to free someone until trial	He was released on bail.	그는 보석으로 풀려났다.
compass	n	나침반	a device that shows direction	We used a compass to find our way.	우리는 나침반으로 길을 찾았다.
podium	n	연단, 시상대	a raised platform for a speaker or winner	She stood on the podium to receive her medal.	그녀는 메달을 받으러 시상대에 섰다.
hoop	n	(둥근) 테, 링	a circular band; a basketball ring	The kids shot hoops after school.	아이들은 방과 후 농구를 했다.
outset	n	시작, 처음	the beginning	I told you at the outset that it would be hard.	처음부터 어려울 거라고 말했잖아.
pastel	adj	파스텔 색조의	soft and light in color	The room is painted in pastel colors.	그 방은 파스텔 색으로 칠해져 있다.
stimulation	n	자극	something that causes activity or interest	Babies need a lot of stimulation.	아기에게는 많은 자극이 필요하다.
jeopardize	v	위태롭게 하다	to put at risk	Don't jeopardize your career for this.	이런 일로 경력을 위태롭게 하지 마.
sprout	v	싹이 나다; 갑자기 생겨나다	to begin to grow; to appear suddenly	New cafés are sprouting up everywhere.	새 카페들이 여기저기 생겨나고 있다.
spinal	adj	척추의	relating to the spine	He suffered a spinal injury.	그는 척추 부상을 입었다.
categorize	v	분류하다	to put into groups	The books are categorized by subject.	책은 주제별로 분류되어 있다.
heighten	v	높이다, 고조시키다	to increase	The music heightened the tension.	음악이 긴장감을 고조시켰다.
gland	n	분비샘	an organ that produces substances	The doctor checked the glands in my neck.	의사가 내 목의 림프샘을 확인했다.
expressive	adj	표현력이 풍부한	showing feelings clearly	She has very expressive eyes.	그녀는 눈빛이 풍부하다.
equate	v	동일시하다	to consider equal	Many people equate wealth with happiness.	많은 사람이 부를 행복과 동일시한다.
yearn	v	갈망하다, 동경하다	to want very much	She yearned for a quiet life.	그녀는 조용한 삶을 갈망했다.
adorn	v	장식하다	to decorate	Flowers adorned the table.	꽃이 식탁을 장식했다.
unify	v	통합하다, 통일하다	to bring together	The leader tried to unify the country.	지도자는 나라를 통합하려 했다.
inaugural	adj	취임의; 첫	relating to a first event or start in office	The president gave his inaugural address.	대통령이 취임 연설을 했다.
acceleration	n	가속; 촉진	an increase in speed	The car has good acceleration.	그 차는 가속력이 좋다.
indifference	n	무관심	lack of interest	He showed complete indifference to her feelings.	그는 그녀의 감정에 완전히 무관심했다.
contingency	n	만일의 사태	a possible future event	We need a contingency plan.	비상 계획이 필요하다.
spiral	n	나선; 악순환, 급등	a winding curve; a continuous increase or decrease	Prices went into an upward spiral.	물가가 계속 치솟았다.
distinctly	adv	분명히, 뚜렷하게	clearly	I distinctly remember locking the door.	나는 문을 잠근 게 분명히 기억난다.
whirl	v	빙빙 돌다	to spin quickly	The dancers whirled around the floor.	무용수들이 무대 위를 빙글빙글 돌았다.
flirt	v	추파를 던지다	to behave as if attracted to someone	He was flirting with the waitress.	그는 종업원에게 추파를 던지고 있었다.
sovereign	adj	주권을 가진, 독립된	having independent power	It is a sovereign nation.	그곳은 주권 국가다.
plow	v	(쟁기로) 갈다	to turn over soil	The farmer plowed the field.	농부가 밭을 갈았다.
atrocity	n	잔학 행위	a very cruel act	The army committed atrocities during the war.	그 군대는 전쟁 중 잔학 행위를 저질렀다.
flutter	v	펄럭이다, 파닥거리다	to move with quick light movements	Flags fluttered in the breeze.	깃발이 바람에 펄럭였다.
incur	v	(비용·손실을) 초래하다	to cause yourself to have costs or problems	You will incur a fee for late payment.	연체하면 수수료가 부과된다.
flicker	v	깜박이다	to shine unsteadily	The lights flickered and went out.	불빛이 깜박이더니 꺼졌다.
brag	v	자랑하다, 떠벌리다	to talk too proudly	He's always bragging about his car.	그는 늘 자기 차를 자랑한다.
plank	n	널빤지; (정책의) 주요 항목	a long flat piece of wood	The floor is made of wooden planks.	바닥은 나무 널빤지로 되어 있다.
blaze	n	화재, 불길	a large fire	Firefighters put out the blaze.	소방관들이 불길을 잡았다.
familiarity	n	익숙함, 친숙함	good knowledge of something	Familiarity with Excel is required.	엑셀에 능숙해야 한다.
physiological	adj	생리적인	relating to body functions	Stress causes physiological changes.	스트레스는 생리적 변화를 일으킨다.
slate	n	석판; 후보 명단	a dark gray stone; a list of candidates	Let's start with a clean slate.	백지 상태에서 다시 시작하자.
successive	adj	연속적인	following one after another	It rained for five successive days.	닷새 연속 비가 내렸다.
conversely	adv	반대로, 거꾸로	in an opposite way	Conversely, some people gain weight under stress.	반대로 어떤 사람들은 스트레스를 받으면 살이 찐다.
disciple	n	제자, 신봉자	a follower of a teacher	He was a disciple of the famous artist.	그는 그 유명한 화가의 제자였다.
monastery	n	수도원	a building where monks live	We visited an old monastery in the mountains.	우리는 산속의 오래된 수도원을 방문했다.
intern	n	인턴, 수습사원	a student or trainee working to gain experience	She works as an intern at a law firm.	그녀는 로펌에서 인턴으로 일한다.
uneven	adj	고르지 않은	not level or equal	The road surface is uneven.	도로 표면이 울퉁불퉁하다.
preclude	v	막다, 불가능하게 하다	to prevent	His injury precluded him from playing.	부상 때문에 그는 경기에 나갈 수 없었다.
litter	n	쓰레기	waste left in a public place	There was litter all over the park.	공원 곳곳에 쓰레기가 있었다.
exquisite	adj	정교한, 매우 아름다운	extremely beautiful and delicate	She has exquisite taste in clothes.	그녀는 옷 고르는 안목이 매우 뛰어나다.
immerse	v	담그다; 몰두시키다	to put in liquid; to involve deeply	She immersed herself in her studies.	그녀는 공부에 몰두했다.
consciously	adv	의식적으로	with awareness	I consciously try to eat less sugar.	나는 의식적으로 설탕을 덜 먹으려고 한다.
aura	n	기운, 분위기	a feeling around a person or place	She has an aura of confidence.	그녀에게서는 자신감이 풍긴다.
competitiveness	n	경쟁력	the ability to compete	The country needs to improve its competitiveness.	그 나라는 경쟁력을 높여야 한다.
flap	v	펄럭이다; 날개를 퍼덕이다	to move up and down	The bird flapped its wings.	새가 날개를 퍼덕였다.
cadet	n	사관생도	a student training to be an officer	He is a cadet at the military academy.	그는 육군사관학교 생도다.
drastic	adj	과감한, 극단적인	extreme and sudden	We need to take drastic action.	과감한 조치를 취해야 한다.
woe	n	비애; (복수) 고민거리	great sadness; troubles	He told me all his financial woes.	그는 자신의 재정 문제를 다 털어놓았다.
ripple	n	잔물결; 파급	a small wave; a spreading effect	The news sent ripples through the industry.	그 소식은 업계 전반에 파장을 일으켰다.
patriotism	n	애국심	love for one's country	The anthem filled them with patriotism.	국가가 그들의 애국심을 불러일으켰다.
advent	n	도래, 출현	the arrival of something important	The advent of the internet changed everything.	인터넷의 등장이 모든 것을 바꿨다.
imbalance	n	불균형	a lack of balance	There is a trade imbalance between the two countries.	두 나라 사이에 무역 불균형이 있다.
seam	n	솔기, 이음매	a line where two pieces are joined	The seam of my jeans ripped.	청바지 솔기가 터졌다.
alienate	v	소외시키다, 멀어지게 하다	to make someone feel isolated	His rude comments alienated his friends.	그의 무례한 말 때문에 친구들이 멀어졌다.
ubiquitous	adj	어디에나 있는	found everywhere	Smartphones have become ubiquitous.	스마트폰은 어디에나 있게 되었다.
pinpoint	v	정확히 찾아내다	to find exactly	Doctors couldn't pinpoint the cause.	의사들은 원인을 정확히 짚어 내지 못했다.
mince	v	(고기를) 다지다	to cut into very small pieces	Mince the garlic finely.	마늘을 잘게 다지세요.
glamour	n	매력, 화려함	attractive excitement	She was drawn to the glamour of Hollywood.	그녀는 할리우드의 화려함에 끌렸다.
pivotal	adj	중추적인, 중요한	extremely important	She played a pivotal role in the deal.	그녀는 그 거래에서 중추적인 역할을 했다.
cosmos	n	우주	the universe	Humans have always wondered about the cosmos.	인간은 늘 우주에 대해 궁금해해 왔다.
haze	n	아지랑이, 연무	thin mist or smoke	The city was covered in a haze of smog.	도시가 스모그로 뿌옇게 덮여 있었다.
dissent	n	반대 의견	disagreement with official views	The government does not tolerate dissent.	정부는 반대 의견을 용납하지 않는다.
solitude	n	고독, 혼자 있음	the state of being alone	I enjoy a few hours of solitude each day.	나는 매일 몇 시간 혼자 있는 걸 즐긴다.
sculptor	n	조각가	an artist who makes sculptures	The sculptor works with marble.	그 조각가는 대리석으로 작업한다.
disconnect	v	연결을 끊다	to break a connection	Please disconnect the power before cleaning.	청소하기 전에 전원을 분리하세요.
authenticity	n	진짜임, 진정성	being real or genuine	Experts confirmed the painting's authenticity.	전문가들이 그 그림이 진품임을 확인했다.
converge	v	모이다, 수렴하다	to come together at one point	Thousands of fans converged on the stadium.	수천 명의 팬이 경기장으로 몰려들었다.
trivial	adj	사소한	not important	Don't worry about trivial things.	사소한 일은 걱정하지 마.
deception	n	속임, 기만	tricking someone	He got the money through deception.	그는 속임수로 돈을 얻었다.
expanse	n	넓게 트인 공간	a wide open area	We saw a vast expanse of desert.	우리는 끝없이 펼쳐진 사막을 보았다.
famine	n	기근	a severe lack of food	Millions died in the famine.	그 기근으로 수백만 명이 죽었다.
eerie	adj	으스스한	strange and frightening	There was an eerie silence in the house.	집 안에 으스스한 정적이 감돌았다.
nebula	n	성운	a cloud of gas and dust in space	The telescope captured images of a nebula.	망원경이 성운의 모습을 포착했다.
