admittedly	/ədˈmɪtɪdli/
adversely	/ædˈvɝsli/
airborne	/ˈɛɹbɔɹn/
anecdotal	/ˌænɪkˈdoʊtəl/
annexation	/ˌænɛkˈseɪʃən/
arbitrator	/ˈɑɹbɪtɹeɪtɚ/
archaeological	/ˌɑɹkiəˈlɑdʒɪkəl/
assertiveness	/əˈsɝtɪvnəs/
aviator	/ˈeɪviˌeɪtɚ/
backwater	/ˈbækˌwɔtɚ/
bandanna	/bænˈdænə/
biographer	/baɪˈɑɡɹəfɚ/
blissful	/ˈblɪsfəl/
bottleneck	/ˈbɑtəlˌnɛk/
brilliantly	/ˈbɹɪljəntli/
broaden	/ˈbɹɔdən/
chateau	/ʃæˈtoʊ/
choreographer	/ˌkɔɹiˈɑɡɹəfɚ/
coloration	/ˌkʌləˈɹeɪʃən/
complicity	/kəmˈplɪsɪti/
concerted	/kənˈsɝtɪd/
congressman	/ˈkɑŋɡɹəsmən/
consciously	/ˈkɑnʃəsli/
conservationist	/ˌkɑnsɚˈveɪʃənɪst/
cottonwood	/ˈkɑtənˌwʊd/
customarily	/ˌkʌstəˈmɛɹəli/
debatable	/dɪˈbeɪtəbəl/
depositor	/dɪˈpɑzɪtɚ/
diabolical	/ˌdaɪəˈbɑlɪkəl/
disorganize	/dɪsˈɔɹɡəˌnaɪz/
dispel	/dɪˈspɛl/
dispersal	/dɪˈspɝsəl/
dissenter	/dɪˈsɛntɚ/
distinctively	/dɪˈstɪŋktɪvli/
dutiful	/ˈdutɪfəl/
dysfunctional	/dɪsˈfʌŋkʃənəl/
elaborately	/ɪˈlæbəɹətli/
elaboration	/ɪˌlæbəˈɹeɪʃən/
embodiment	/ɪmˈbɑdimənt/
enterprising	/ˈɛntɚˌpɹaɪzɪŋ/
enthusiastically	/ɪnˌθuziˈæstɪkli/
exhilaration	/ɪɡˌzɪləˈɹeɪʃən/
externalize	/ɪkˈstɝnəˌlaɪz/
fragmentary	/ˈfɹæɡmənˌtɛɹi/
frothy	/ˈfɹɔθi/
generalization	/ˌdʒɛnəɹələˈzeɪʃən/
healthful	/ˈhɛlθfəl/
hyperactivity	/ˌhaɪpɚækˈtɪvɪti/
identifiable	/aɪˌdɛntɪˈfaɪəbəl/
imbalance	/ɪmˈbæləns/
immobilize	/ɪˈmoʊbəˌlaɪz/
impassioned	/ɪmˈpæʃənd/
implausible	/ɪmˈplɔzəbəl/
implode	/ɪmˈploʊd/
inadvertently	/ˌɪnədˈvɝtəntli/
incoherent	/ˌɪnkoʊˈhɪɹənt/
indiscriminately	/ˌɪndɪˈskɹɪmɪnətli/
ineligible	/ɪnˈɛlɪdʒəbəl/
inextricably	/ˌɪnɪkˈstɹɪkəbli/
infatuation	/ɪnˌfætʃuˈeɪʃən/
inferiority	/ɪnˌfɪɹiˈɔɹɪti/
insurmountable	/ˌɪnsɚˈmaʊntəbəl/
interdependence	/ˌɪntɚdɪˈpɛndəns/
interdependent	/ˌɪntɚdɪˈpɛndənt/
interdisciplinary	/ˌɪntɚˈdɪsəpləˌnɛɹi/
interpersonal	/ˌɪntɚˈpɝsənəl/
interstellar	/ˌɪntɚˈstɛlɚ/
intricately	/ˈɪntɹɪkətli/
irreconcilable	/ɪˌɹɛkənˈsaɪləbəl/
justifiable	/ˈdʒʌstɪˌfaɪəbəl/
layoff	/ˈleɪˌɔf/
leeway	/ˈliˌweɪ/
luminosity	/ˌluməˈnɑsɪti/
meticulously	/məˈtɪkjələsli/
monograph	/ˈmɑnəˌɡɹæf/
multilateral	/ˌmʌltiˈlætəɹəl/
naturalistic	/ˌnætʃəɹəˈlɪstɪk/
neoclassical	/ˌnioʊˈklæsɪkəl/
neurotransmitter	/ˌnʊɹoʊˈtɹænzmɪtɚ/
nonfiction	/nɑnˈfɪkʃən/
nontraditional	/ˌnɑntɹəˈdɪʃənəl/
nonviolence	/nɑnˈvaɪələns/
notably	/ˈnoʊtəbli/
outlying	/ˈaʊtˌlaɪɪŋ/
outmoded	/aʊtˈmoʊdɪd/
outspoken	/aʊtˈspoʊkən/
paleontologist	/ˌpeɪliɑnˈtɑlədʒɪst/
physique	/fɪˈzik/
postwar	/ˌpoʊstˈwɔɹ/
practicality	/ˌpɹæktɪˈkælɪti/
pretension	/pɹɪˈtɛnʃən/
protectionist	/pɹəˈtɛkʃənɪst/
psychoanalysis	/ˌsaɪkoʊəˈnæləsɪs/
rancher	/ˈɹæntʃɚ/
readjust	/ˌɹiəˈdʒʌst/
redemptive	/ɹɪˈdɛmptɪv/
redirect	/ˌɹidəˈɹɛkt/
reformer	/ɹɪˈfɔɹmɚ/
refrigeration	/ɹɪˌfɹɪdʒəˈɹeɪʃən/
regeneration	/ɹɪˌdʒɛnəˈɹeɪʃən/
regressive	/ɹɪˈɡɹɛsɪv/
rekindle	/ɹiˈkɪndəl/
reliant	/ɹɪˈlaɪənt/
resourceful	/ɹɪˈsɔɹsfəl/
resurgence	/ɹɪˈsɝdʒəns/
runoff	/ˈɹʌnˌɔf/
savor	/ˈseɪvɚ/
sensitize	/ˈsɛnsɪˌtaɪz/
skit	/skɪt/
soloist	/ˈsoʊloʊɪst/
sparingly	/ˈspɛɹɪŋli/
sparsely	/ˈspɑɹsli/
spectacularly	/spɛkˈtækjəlɚli/
sporadically	/spəˈɹædɪkli/
sportsman	/ˈspɔɹtsmən/
springboard	/ˈspɹɪŋˌbɔɹd/
strenuously	/ˈstɹɛnjuəsli/
strikingly	/ˈstɹaɪkɪŋli/
superficially	/ˌsupɚˈfɪʃəli/
supersonic	/ˌsupɚˈsɑnɪk/
supplementary	/ˌsʌpləˈmɛntəɹi/
supplementation	/ˌsʌpləmɛnˈteɪʃən/
susceptible	/səˈsɛptəbəl/
sympathize	/ˈsɪmpəˌθaɪz/
terrific	/təˈɹɪfɪk/
topsoil	/ˈtɑpˌsɔɪl/
transfix	/tɹænsˈfɪks/
transmitter	/tɹænsˈmɪtɚ/
transplantation	/ˌtɹænsplænˈteɪʃən/
tropics	/ˈtɹɑpɪks/
unbiased	/ʌnˈbaɪəst/
uncharted	/ʌnˈtʃɑɹtɪd/
unconventional	/ˌʌnkənˈvɛnʃənəl/
uncooperative	/ˌʌnkoʊˈɑpəɹətɪv/
undaunted	/ʌnˈdɔntɪd/
undifferentiated	/ʌnˌdɪfəˈɹɛnʃiˌeɪtɪd/
undisturbed	/ˌʌndɪˈstɝbd/
unexplored	/ˌʌnɪkˈsplɔɹd/
unfavorable	/ʌnˈfeɪvəɹəbəl/
unfounded	/ʌnˈfaʊndɪd/
uniqueness	/juˈniknəs/
unjustified	/ʌnˈdʒʌstɪˌfaɪd/
unmatched	/ʌnˈmætʃt/
unmoved	/ʌnˈmuvd/
unparalleled	/ʌnˈpæɹəˌlɛld/
unqualified	/ʌnˈkwɑlɪˌfaɪd/
unregulated	/ʌnˈɹɛɡjəˌleɪtɪd/
unrestrained	/ˌʌnɹɪˈstɹeɪnd/
unrestricted	/ˌʌnɹɪˈstɹɪktɪd/
unspoiled	/ʌnˈspɔɪld/
unsubstantiated	/ˌʌnsəbˈstænʃiˌeɪtɪd/
unwarranted	/ʌnˈwɔɹəntɪd/
unwitting	/ʌnˈwɪtɪŋ/
urbanization	/ˌɝbənəˈzeɪʃən/
vaporize	/ˈveɪpəˌɹaɪz/
wetland	/ˈwɛtˌlænd/
wholesaler	/ˈhoʊlˌseɪlɚ/
willful	/ˈwɪlfəl/
windswept	/ˈwɪndˌswɛpt/
